,Accuracy (%),F1-Score (%),Inference Time (ms),Model Size (MB),Training Data (GB),TOPSIS Score,Rank
DeBERTa-base,94.1,93.6,52.3,520.0,160.0,0.4842301774985501,1
BERT-base,92.5,91.8,45.2,438.0,16.0,0.2975505494732632,2
RoBERTa-base,93.2,92.5,47.8,498.0,160.0,0.5236175653267648,3
DistilBERT,90.8,90.1,28.5,255.0,16.0,0.5209155015281398,4
XLNet-base,93.5,92.8,62.1,535.0,126.0,0.3572062629855223,5
ALBERT-base,91.2,90.7,38.4,44.0,16.0,0.519966757907725,6
