Model,Distance_from_Best,Distance_from_Worst,TOPSIS_Score,Rank
BERT-base,0.07328800094132278,0.03104406293368949,0.2975505494732632,2
RoBERTa-base,0.055407481891509486,0.06090134450238373,0.5236175653267648,3
DistilBERT,0.05929493593610477,0.06447224109683686,0.5209155015281398,4
ALBERT-base,0.05816299364656284,0.06300151861315767,0.519966757907725,6
XLNet-base,0.07654147706844848,0.04253478746386218,0.3572062629855223,5
DeBERTa-base,0.062018234309613576,0.05822578076057643,0.4842301774985501,1
